{
  "feature_set": "combined",
  "feature_cols": [
    "unique_src_ip",
    "entropy_src_ip",
    "unique_dst_ip",
    "entropy_dst_ip",
    "dst_concentration",
    "mean_duration",
    "mean_total_bytes",
    "mean_pkts_per_sec",
    "mean_outbound_ratio",
    "mean_pkt_size",
    "z_qubit_0",
    "z_qubit_1",
    "z_qubit_2",
    "z_qubit_3",
    "z_qubit_4",
    "z_qubit_5",
    "z_qubit_6",
    "z_qubit_7",
    "z_qubit_8",
    "z_qubit_9",
    "s_rho",
    "trace_distance",
    "s_entanglement"
  ],
  "percentile": 99,
  "methods": {
    "A_trace_distance": {
      "threshold": 0.3870193362236023,
      "validation": {
        "n_samples": 60,
        "n_attack": 5,
        "f1": 0.9090909090909091,
        "precision": 0.8333333333333334,
        "recall": 1.0,
        "ap": 1.0,
        "roc_auc": 1.0
      },
      "test": {
        "n_samples": 60,
        "n_attack": 8,
        "f1": 0.9411764705882353,
        "precision": 0.8888888888888888,
        "recall": 1.0,
        "ap": 1.0,
        "roc_auc": 1.0
      }
    },
    "B_isolation_forest": {
      "threshold": 0.0862533927595166,
      "validation": {
        "n_samples": 60,
        "n_attack": 5,
        "f1": 0.8333333333333334,
        "precision": 0.7142857142857143,
        "recall": 1.0,
        "ap": 0.9666666666666666,
        "roc_auc": 0.9963636363636363
      },
      "test": {
        "n_samples": 60,
        "n_attack": 8,
        "f1": 1.0,
        "precision": 1.0,
        "recall": 1.0,
        "ap": 1.0,
        "roc_auc": 1.0
      }
    },
    "C_hybrid": {
      "threshold": 0.8280186814806278,
      "validation": {
        "n_samples": 60,
        "n_attack": 5,
        "f1": 0.9090909090909091,
        "precision": 0.8333333333333334,
        "recall": 1.0,
        "ap": 0.8333333333333334,
        "roc_auc": 0.9909090909090909
      },
      "test": {
        "n_samples": 60,
        "n_attack": 8,
        "f1": 0.9411764705882353,
        "precision": 0.8888888888888888,
        "recall": 1.0,
        "ap": 1.0,
        "roc_auc": 1.0
      }
    }
  }
}